"Variable","R2","MSE"
"wt",0.752832793658264,8.69756054822948
"hp",0.602437341423934,13.9898222982688
"qsec",0.175296320261013,29.0204768465933
